repo_name,update_time
email_spider,2012-05-13T16:24:40Z
gitproject,2014-07-04T05:20:09Z
boot2docker,2014-07-08T02:46:36Z
dockworker,2014-07-22T20:05:26Z
system,2014-09-04T01:12:23Z
ABSLab,2014-09-16T01:55:41Z
CLangugaeLab,2014-09-16T02:04:25Z
CPlusPlusLab,2014-09-16T02:06:03Z
docker-registry,2014-10-10T20:00:22Z
JQuery-code,2014-10-13T03:15:44Z
Golang_Programming,2014-10-13T09:32:13Z
golang2048_game,2014-10-15T16:06:02Z
LinuxC-network,2014-10-25T15:10:12Z
Linux-c-snake,2014-10-31T06:59:30Z
pyoudao,2014-11-03T00:59:11Z
whack-a-mole,2014-11-04T02:56:20Z
PythonShootGame,2014-11-05T09:42:25Z
course,2014-11-06T03:53:00Z
shell_typing_game,2014-11-06T04:53:48Z
jQuery-base-code,2014-11-06T05:02:42Z
css3_leaning,2014-11-07T10:34:12Z
Photo,2014-11-07T10:42:22Z
golang-markdown-previewer,2014-11-13T02:10:31Z
camp,2014-11-14T05:54:48Z
Linux-c-code,2014-11-17T05:09:19Z
PythonCalculator,2014-11-18T09:00:04Z
2048_code,2014-11-19T02:10:23Z
flask-micblog,2014-11-20T05:03:52Z
datastructure_code,2014-11-21T10:09:02Z
mapreduce-pro,2014-11-24T07:00:17Z
golang-ftp-client,2014-11-24T09:01:27Z
falls,2014-11-24T11:16:12Z
hadoopwordcount,2014-11-26T09:37:10Z
python_markup,2014-12-01T02:10:59Z
jspuzzle,2014-12-02T06:41:21Z
jquerypuzzle,2014-12-02T06:51:06Z
jquery-pciture-zoom,2014-12-03T10:19:42Z
flip,2014-12-03T16:17:53Z
Calculator,2014-12-05T03:30:29Z
gtk-vlc-video-player,2014-12-07T14:11:35Z
pythonchat,2014-12-09T08:18:01Z
ruby-port-scan,2014-12-09T10:11:11Z
jqueryslider,2014-12-10T07:24:11Z
lottery,2014-12-15T06:48:57Z
gevent-socketio,2014-12-16T02:41:02Z
countdown,2014-12-16T13:41:23Z
scapy_arp,2014-12-17T06:57:18Z
css3,2014-12-18T01:42:57Z
socketio,2014-12-19T10:02:31Z
jquery-learning,2014-12-23T03:49:15Z
proxy,2014-12-24T10:04:32Z
java_websocket_chat,2014-12-29T10:35:42Z
laravel-blog-1,2015-01-20T10:11:35Z
laravel-blog-2,2015-01-22T03:47:56Z
laravel-blog-3,2015-01-23T03:24:08Z
SQL3,2015-01-23T06:18:21Z
c,2015-01-25T03:31:07Z
laravel-blog-4,2015-01-26T03:30:25Z
impress,2015-01-26T08:17:53Z
laravel-blog-5,2015-01-27T03:18:12Z
laravel-blog-6,2015-01-28T01:30:01Z
Calculator-1,2015-01-28T08:27:52Z
EarthDemo,2015-01-28T20:33:56Z
laravel-blog-7-final,2015-01-29T08:45:54Z
ngx_http_echo_module,2015-01-30T05:14:12Z
seven,2015-01-31T07:13:51Z
play,2015-01-31T12:20:02Z
Whac-A-Mole,2015-02-03T03:28:14Z
MD5,2015-02-05T02:20:15Z
HTML1,2015-02-10T05:08:47Z
finaltest,2015-02-13T09:50:45Z
seedlab,2015-04-07T11:06:36Z
Repobot,2017-03-14T07:11:36Z
trylab,2017-06-06T02:52:02Z
guide,2017-06-06T05:15:22Z
cs_354demo,2017-06-06T07:43:22Z
SQL4,2017-06-06T08:28:15Z
SQL5,2017-06-06T08:29:38Z
SQL6,2017-06-06T08:30:27Z
cs355_demo,2017-06-06T08:36:04Z
shiyanlou_cs427,2017-06-06T08:40:37Z
shiyanlou_cs419,2017-06-06T08:41:46Z
shiyanlou_cs103,2017-06-06T08:42:36Z
tcp_ip_6,2017-06-06T09:36:01Z
sinatra-blog-api,2017-06-06T09:36:08Z
hadoop-book,2017-06-06T09:36:15Z
ryu,2017-06-06T22:19:57Z
tcp_ip_5,2017-06-06T22:21:10Z
saepythondevguide,2017-06-06T22:21:16Z
mininet,2017-06-06T22:21:24Z
js-minesweeper,2017-06-07T00:01:57Z
sms,2017-06-07T00:02:06Z
node-red-ifttt,2017-06-07T00:02:14Z
shiyanlou_cs549,2017-06-07T00:02:26Z
termbox-go,2017-06-07T00:05:53Z
flask,2017-06-07T00:06:11Z
shiyanlou_cs382,2017-06-07T00:06:53Z
contact,2017-06-07T00:27:11Z
shiyanlou_cs31,2017-06-07T00:30:09Z
scrapy-weather,2017-06-07T00:32:58Z
node-red,2017-06-07T00:33:07Z
php-server,2017-06-07T00:33:20Z
shiyanlou_cs573,2017-06-07T00:33:26Z
cssfinaltest,2017-06-07T00:33:32Z
shiyanlou_cs409,2017-06-07T00:33:37Z
jekyll-bootstrap,2017-06-07T00:33:44Z
trojan,2017-06-20T11:10:55Z
louplus-php7,2018-07-11T09:33:22Z
php-crawler,2018-07-11T10:07:13Z
lou_challenge_ele,2018-08-14T08:22:03Z
louplus-bigdata,2018-09-05T05:17:48Z
dog,2019-01-24T04:18:37Z
louplus-linux,2019-02-11T06:42:57Z
mlcourse-answers,2019-05-10T08:16:41Z
mlcourse.ai,2019-05-21T06:28:10Z
python_async,2019-05-29T02:21:22Z
PyRedis,2019-07-02T06:10:27Z
sanic-like,2019-07-02T06:14:59Z
python_async_network,2019-07-04T09:58:27Z
Flask-SSE-Chat,2019-10-12T06:09:05Z
louplus-python,2019-10-21T15:46:24Z
louplus-dl,2019-11-21T06:19:47Z
library,2019-12-26T09:08:56Z
louplus-dm,2019-12-27T09:00:50Z
CPP-PrimerPlus,2019-12-30T05:57:33Z
louplus-ml,2020-01-09T04:20:56Z
rust-by-example-cn,2020-01-10T05:40:44Z
shiyanlou-docs,2020-02-10T09:43:17Z
Allwork,2020-02-12T00:49:11Z
sparksql,2020-03-04T23:47:47Z
python-100,2020-03-05T09:47:48Z
louplus-k8s,2020-03-09T05:28:15Z
SequoiaDBCourse,2020-03-09T08:38:41Z
